1933,7009,9306,60237,61091,70941,72659,,,,,,,,,,,,,,,
6744,,,,,,,,,,,,,,,,,,,,,
6123,1902600,,,,,,,,,,,,,,,,,,,,
8150,,,,,,,,,,,,,,,,,,,,,
11,6623,6886,6895,6897,32511,36010,36258,61709,,,,,,,,,,,,,
34599,55114,,,,,,,,,,,,,,,,,,,,
77,725,6281,6289,6301,6334,6348,31452,31509,31573,34729,43486,44783,51598,70911,2000677,,,,,,
920,1881,7015,7032,7118,42147,,,,,,,,,,,,,,,,
6378,8033,30846,98789,,,,,,,,,,,,,,,,,,
1178,6363,6368,6369,7062,16584,34728,42766,43044,60303,71441,71894,1900050,1902275,2000104,2000616,,,,,,
6283,6353,6364,6369,6378,8033,16180,31124,31126,32508,45005,45454,60257,1990248,,,,,,,,
3333,43200,,,,,,,,,,,,,,,,,,,,
6355,7124,,,,,,,,,,,,,,,,,,,,
6383,42791,,,,,,,,,,,,,,,,,,,,
6348,9299,16575,46459,98781,1990414,,,,,,,,,,,,,,,,
1015,6357,7049,10833,31936,32211,,,,,,,,,,,,,,,,
30010,,,,,,,,,,,,,,,,,,,,,
18345,,,,,,,,,,,,,,,,,,,,,
15719,55085,,,,,,,,,,,,,,,,,,,,
6357,6366,51123,,,,,,,,,,,,,,,,,,,
22,16925,51301,,,,,,,,,,,,,,,,,,,
7019,7026,7064,30473,30543,31110,31116,31578,35372,51225,51301,1904825,,,,,,,,,,
278,7020,7052,31122,51225,51321,51415,,,,,,,,,,,,,,,
16560,,,,,,,,,,,,,,,,,,,,,
5975,6409,9051,,,,,,,,,,,,,,,,,,,
5979,43666,,,,,,,,,,,,,,,,,,,,
6378,43631,71050,,,,,,,,,,,,,,,,,,,
184,398,6370,6970,45292,51028,,,,,,,,,,,,,,,,
955,9083,45944,90180,,,,,,,,,,,,,,,,,,
226,278,422,6470,7059,7096,32467,35335,51229,51301,70262,71470,71850,1903501,2000786,,,,,,,
278,6267,6270,30466,33314,43007,,,,,,,,,,,,,,,,
6417,10609,16071,,,,,,,,,,,,,,,,,,,
729,6281,6298,6310,90305,,,,,,,,,,,,,,,,,
7052,30951,46785,,,,,,,,,,,,,,,,,,,
7052,30435,51300,51301,51321,,,,,,,,,,,,,,,,,
7049,16567,31145,45842,51301,70979,,,,,,,,,,,,,,,,
70,725,1100,6974,7127,8104,51301,90579,,,,,,,,,,,,,,
7131,70193,71555,1990414,,,,,,,,,,,,,,,,,,
79,82,86,6279,10696,44772,45740,51301,1901673,,,,,,,,,,,,,
6335,,,,,,,,,,,,,,,,,,,,,
278,712,6468,10458,10696,32465,35025,51301,70194,90306,110083,1902542,1903353,1904750,1905339,,,,,,,
30474,71988,,,,,,,,,,,,,,,,,,,,
7118,7121,7124,30010,30447,31384,31385,32880,2000251,,,,,,,,,,,,,
6355,45944,,,,,,,,,,,,,,,,,,,,
6302,6303,71897,,,,,,,,,,,,,,,,,,,
9060,,,,,,,,,,,,,,,,,,,,,
6310,6368,6397,6406,34063,,,,,,,,,,,,,,,,,
6078,31505,42546,,,,,,,,,,,,,,,,,,,
6826,10106,33215,55114,,,,,,,,,,,,,,,,,,
5975,6048,34221,71555,,,,,,,,,,,,,,,,,,
964,,,,,,,,,,,,,,,,,,,,,
79,188,6470,,,,,,,,,,,,,,,,,,,
6890,15031,16320,48279,,,,,,,,,,,,,,,,,,
1207,1932,6335,6336,6337,6348,10468,16573,30466,32968,33523,35066,43486,43618,,,,,,,,
6383,42791,,,,,,,,,,,,,,,,,,,,
11,6895,6896,6904,6906,,,,,,,,,,,,,,,,,
6486,16310,43048,,,,,,,,,,,,,,,,,,,
6357,7005,34599,45944,51300,,,,,,,,,,,,,,,,,
727,6272,6273,6277,6278,6284,6289,6301,43137,90305,,,,,,,,,,,,
379,90502,,,,,,,,,,,,,,,,,,,,
727,6270,31938,1900087,1902977,,,,,,,,,,,,,,,,,
6348,16573,30466,43486,43966,43967,45892,45944,,,,,,,,,,,,,,
79,86,320,6468,8361,10697,18108,31569,40020,44879,51301,51321,90154,,,,,,,,,
278,710,6272,6273,6275,6289,6298,6301,6348,7064,19985,30466,34087,35753,70987,1902394,1903022,1905779,,,,
1100,6270,6279,7059,10571,33314,45860,51301,60903,71902,1901987,1903468,,,,,,,,,,
710,6298,,,,,,,,,,,,,,,,,,,,
6281,6285,6289,7004,70987,,,,,,,,,,,,,,,,,
722,724,6260,6265,6268,6281,6289,6312,7004,7131,10833,16567,30491,45184,,,,,,,,
132,7097,31578,,,,,,,,,,,,,,,,,,,
6616,30433,30970,31204,44743,70843,,,,,,,,,,,,,,,,
723,7004,32210,71919,,,,,,,,,,,,,,,,,,
6468,6808,18105,22898,35556,45806,90153,,,,,,,,,,,,,,,
2,6269,6390,,,,,,,,,,,,,,,,,,,
8272,55085,1902358,,,,,,,,,,,,,,,,,,,
722,6338,7131,30491,32079,32392,45003,,,,,,,,,,,,,,,
16310,19563,19588,61610,97237,,,,,,,,,,,,,,,,,
7131,42138,51598,,,,,,,,,,,,,,,,,,,
43248,,,,,,,,,,,,,,,,,,,,,
19243,,,,,,,,,,,,,,,,,,,,,
6631,9437,,,,,,,,,,,,,,,,,,,,
6526,19240,42450,,,,,,,,,,,,,,,,,,,
6782,6783,55114,,,,,,,,,,,,,,,,,,,
50,19547,90368,,,,,,,,,,,,,,,,,,,
77,722,723,724,6289,6348,31573,33314,44778,,,,,,,,,,,,,
82,86,472,480,6511,16567,30435,31146,51301,51321,,,,,,,,,,,,
184,6378,72423,98789,,,,,,,,,,,,,,,,,,
6886,6895,6904,7032,7033,16574,32889,35542,36205,42144,45324,99022,,,,,,,,,,
6511,42176,43161,43248,50790,,,,,,,,,,,,,,,,,
10498,10499,43161,43248,,,,,,,,,,,,,,,,,,
10498,10499,43161,80129,,,,,,,,,,,,,,,,,,
10498,10499,10950,43161,,,,,,,,,,,,,,,,,,
10498,10499,43161,80129,,,,,,,,,,,,,,,,,,
10498,10499,43161,,,,,,,,,,,,,,,,,,,
10498,10499,43161,,,,,,,,,,,,,,,,,,,
6511,7163,,,,,,,,,,,,,,,,,,,,
6635,15910,15916,42758,42760,1902001,,,,,,,,,,,,,,,,
2,32543,32790,51881,,,,,,,,,,,,,,,,,,
1676,35336,44539,1905329,,,,,,,,,,,,,,,,,,
6730,9086,35999,55114,,,,,,,,,,,,,,,,,,
6508,7039,,,,,,,,,,,,,,,,,,,,
82,86,6511,16567,31146,43161,51301,,,,,,,,,,,,,,,
6897,15031,36092,46855,46856,,,,,,,,,,,,,,,,,
753,30036,32185,97271,,,,,,,,,,,,,,,,,,
6285,6307,,,,,,,,,,,,,,,,,,,,
6527,6591,10121,19544,55129,,,,,,,,,,,,,,,,,
734,1302,6260,6286,6303,35753,43137,70914,90305,,,,,,,,,,,,,
32979,34551,51131,71806,,,,,,,,,,,,,,,,,,
86,6468,18105,35556,44257,44879,46777,51726,1902935,,,,,,,,,,,,,
8361,61157,,,,,,,,,,,,,,,,,,,,
7096,23056,31536,31578,40001,51301,1902542,1904750,,,,,,,,,,,,,,
6334,6355,16584,30261,31936,45910,,,,,,,,,,,,,,,,
6357,6397,6468,6974,32786,45737,45903,45943,,,,,,,,,,,,,,
6078,30148,31505,,,,,,,,,,,,,,,,,,,
122,6357,,,,,,,,,,,,,,,,,,,,
15696,19740,72488,,,,,,,,,,,,,,,,,,,
6145,6259,9442,,,,,,,,,,,,,,,,,,,
256,6144,,,,,,,,,,,,,,,,,,,,
122,42128,45944,90295,,,,,,,,,,,,,,,,,,
256,6144,15720,15851,55085,,,,,,,,,,,,,,,,,
122,1080,10508,36278,45944,90294,,,,,,,,,,,,,,,,
2,1408,6879,55085,1903790,,,,,,,,,,,,,,,,,
30433,50790,97051,,,,,,,,,,,,,,,,,,,
6281,6506,7049,51301,,,,,,,,,,,,,,,,,,
10636,10992,16578,16579,43162,,,,,,,,,,,,,,,,,
6886,6888,6890,6904,16192,35543,46578,48280,,,,,,,,,,,,,,
6493,35269,71712,,,,,,,,,,,,,,,,,,,
6635,6696,,,,,,,,,,,,,,,,,,,,
6487,,,,,,,,,,,,,,,,,,,,,
6654,16024,46474,,,,,,,,,,,,,,,,,,,
6986,31204,34620,42026,50790,51085,,,,,,,,,,,,,,,,
6457,34976,55114,,,,,,,,,,,,,,,,,,,
6644,16311,,,,,,,,,,,,,,,,,,,,
6096,32889,,,,,,,,,,,,,,,,,,,,
6357,6364,42790,45892,45898,,,,,,,,,,,,,,,,,
348,,,,,,,,,,,,,,,,,,,,,
436,6355,10723,43457,,,,,,,,,,,,,,,,,,
6696,16126,55114,,,,,,,,,,,,,,,,,,,
6888,6906,15031,48193,48209,,,,,,,,,,,,,,,,,
6487,6491,97502,,,,,,,,,,,,,,,,,,,
6013,6487,9298,45047,,,,,,,,,,,,,,,,,,
6097,6099,6108,6635,6735,,,,,,,,,,,,,,,,,
11,103,6662,6749,6888,6890,9263,15031,42144,45454,55114,80058,,,,,,,,,,
6303,6369,6972,7329,32968,43618,45945,51053,60261,70898,75297,,,,,,,,,,,
6750,42542,46686,,,,,,,,,,,,,,,,,,,
7088,8298,35269,45048,51321,,,,,,,,,,,,,,,,,
6888,6890,6891,6901,15031,32511,,,,,,,,,,,,,,,,
8150,22900,,,,,,,,,,,,,,,,,,,,
6886,6897,45807,48268,65003,72583,,,,,,,,,,,,,,,,
1,11,281,6887,7015,7118,7119,7124,8298,16192,30010,30447,51017,90527,1903475,,,,,,,
5975,6098,9052,,,,,,,,,,,,,,,,,,,
6457,7021,32968,51131,,,,,,,,,,,,,,,,,,
8150,,,,,,,,,,,,,,,,,,,,,
6612,6887,6893,6904,48309,48313,90522,,,,,,,,,,,,,,,
42759,55114,,,,,,,,,,,,,,,,,,,,
15741,15744,15867,71422,,,,,,,,,,,,,,,,,,
6123,1902600,,,,,,,,,,,,,,,,,,,,
6097,6099,,,,,,,,,,,,,,,,,,,,
6807,51603,,,,,,,,,,,,,,,,,,,,
6835,8272,15709,15729,35435,71422,71423,1902356,1902358,,,,,,,,,,,,,
245,6357,6368,8298,10508,32968,90262,2000232,2001208,2001209,,,,,,,,,,,,
34755,55072,72511,1901684,,,,,,,,,,,,,,,,,,
15867,15883,15884,35350,,,,,,,,,,,,,,,,,,
6357,6972,42493,42538,,,,,,,,,,,,,,,,,,
162,,,,,,,,,,,,,,,,,,,,,
2,372,963,6259,6397,,,,,,,,,,,,,,,,,
6366,51123,1903508,,,,,,,,,,,,,,,,,,,
958,6397,9060,,,,,,,,,,,,,,,,,,,
256,1080,,,,,,,,,,,,,,,,,,,,
6886,6888,6890,6891,8298,,,,,,,,,,,,,,,,,
1172,6366,19985,,,,,,,,,,,,,,,,,,,
34427,51607,70478,70481,,,,,,,,,,,,,,,,,,
10255,46323,51594,1902600,,,,,,,,,,,,,,,,,,
282,7096,30010,31106,35556,43577,72697,,,,,,,,,,,,,,,
6420,32543,70144,,,,,,,,,,,,,,,,,,,
1080,51123,1901714,1901717,,,,,,,,,,,,,,,,,,
1,209,6513,70086,1904669,,,,,,,,,,,,,,,,,
1676,35336,44539,1905329,,,,,,,,,,,,,,,,,,
1676,35336,,,,,,,,,,,,,,,,,,,,
6688,6874,50790,,,,,,,,,,,,,,,,,,,
6696,16126,55114,,,,,,,,,,,,,,,,,,,
6631,33611,,,,,,,,,,,,,,,,,,,,
45944,,,,,,,,,,,,,,,,,,,,,
6207,6221,44205,46132,,,,,,,,,,,,,,,,,,
6281,6284,6285,6296,34599,90297,,,,,,,,,,,,,,,,
7533,8298,30036,,,,,,,,,,,,,,,,,,,
6886,42147,45053,60548,1900102,1904377,,,,,,,,,,,,,,,,
6303,10992,34517,43161,72671,,,,,,,,,,,,,,,,,
32508,,,,,,,,,,,,,,,,,,,,,
6164,6730,9113,9396,55114,,,,,,,,,,,,,,,,,
6144,6164,6189,,,,,,,,,,,,,,,,,,,
6886,16192,32889,90630,,,,,,,,,,,,,,,,,,
11,6886,6896,6906,16236,32258,48278,,,,,,,,,,,,,,,
754,2092,15031,42493,70086,71333,,,,,,,,,,,,,,,,
17196,,,,,,,,,,,,,,,,,,,,,
6094,6096,,,,,,,,,,,,,,,,,,,,
6094,6096,55114,1903862,,,,,,,,,,,,,,,,,,
6094,6096,6915,15886,55114,72593,,,,,,,,,,,,,,,,
6096,32889,,,,,,,,,,,,,,,,,,,,
6094,6096,55114,,,,,,,,,,,,,,,,,,,
6094,6096,,,,,,,,,,,,,,,,,,,,
6098,,,,,,,,,,,,,,,,,,,,,
949,6090,6559,6569,9083,19655,,,,,,,,,,,,,,,,
6090,6096,,,,,,,,,,,,,,,,,,,,
1302,1678,6000,6006,6013,6096,8361,32445,46015,46323,46835,51156,2001234,,,,,,,,,
6355,6368,45821,,,,,,,,,,,,,,,,,,,
162,,,,,,,,,,,,,,,,,,,,,
6529,6541,70981,,,,,,,,,,,,,,,,,,,
6571,9072,9073,9074,9094,19509,19878,1901605,,,,,,,,,,,,,,
6163,6172,6270,9117,9132,16310,46033,46034,46940,,,,,,,,,,,,,
6073,9251,31505,,,,,,,,,,,,,,,,,,,
5975,31505,71555,,,,,,,,,,,,,,,,,,,
6260,9263,55114,,,,,,,,,,,,,,,,,,,
947,6116,43458,45069,,,,,,,,,,,,,,,,,,
79,83,7033,7089,42144,44772,51301,,,,,,,,,,,,,,,
30003,42493,46677,46898,1990961,,,,,,,,,,,,,,,,,
767,6970,10447,30242,31505,36498,,,,,,,,,,,,,,,,
436,6355,43457,,,,,,,,,,,,,,,,,,,
321,,,,,,,,,,,,,,,,,,,,,
5992,16311,50790,70413,,,,,,,,,,,,,,,,,,
3333,6835,6865,,,,,,,,,,,,,,,,,,,
55114,1903457,,,,,,,,,,,,,,,,,,,,
6897,16192,51666,60988,72741,97320,1903475,,,,,,,,,,,,,,,
147,30833,44379,51016,2000601,,,,,,,,,,,,,,,,,
19,1111,1113,6366,6367,9411,10525,16973,32508,33683,70816,,,,,,,,,,,
6241,6541,19856,44210,,,,,,,,,,,,,,,,,,
6886,6896,6897,16192,72583,,,,,,,,,,,,,,,,,
7165,36003,45944,60256,1903450,,,,,,,,,,,,,,,,,
16192,34976,43001,,,,,,,,,,,,,,,,,,,
16598,,,,,,,,,,,,,,,,,,,,,
8150,55085,71555,,,,,,,,,,,,,,,,,,,
8150,,,,,,,,,,,,,,,,,,,,,
6431,,,,,,,,,,,,,,,,,,,,,
9060,70131,,,,,,,,,,,,,,,,,,,,
32543,,,,,,,,,,,,,,,,,,,,,
6123,33617,42776,,,,,,,,,,,,,,,,,,,
6123,9060,50790,97250,1902600,,,,,,,,,,,,,,,,,
6123,1902600,,,,,,,,,,,,,,,,,,,,
15986,,,,,,,,,,,,,,,,,,,,,
15986,,,,,,,,,,,,,,,,,,,,,
15986,33615,42407,,,,,,,,,,,,,,,,,,,
6165,6183,6228,6241,6281,6974,9142,,,,,,,,,,,,,,,
6487,6490,,,,,,,,,,,,,,,,,,,,
6855,15903,1990961,,,,,,,,,,,,,,,,,,,
272,31505,,,,,,,,,,,,,,,,,,,,
6696,10142,16310,19287,,,,,,,,,,,,,,,,,,
957,90503,,,,,,,,,,,,,,,,,,,,
6164,6189,46084,,,,,,,,,,,,,,,,,,,
6879,98655,,,,,,,,,,,,,,,,,,,,
6878,15677,35434,,,,,,,,,,,,,,,,,,,
30148,46839,,,,,,,,,,,,,,,,,,,,
209,6301,10994,44395,70534,,,,,,,,,,,,,,,,,
16562,,,,,,,,,,,,,,,,,,,,,
723,724,727,6303,6333,6348,30466,31509,32508,71480,71481,97552,97695,,,,,,,,,
77,6281,6289,7131,33314,,,,,,,,,,,,,,,,,
6665,9267,19722,19752,30149,,,,,,,,,,,,,,,,,
34314,44396,,,,,,,,,,,,,,,,,,,,
122,10944,30435,30466,32298,110029,,,,,,,,,,,,,,,,
122,,,,,,,,,,,,,,,,,,,,,
184,6449,32508,,,,,,,,,,,,,,,,,,,
6428,32543,70152,106074,,,,,,,,,,,,,,,,,,
9305,,,,,,,,,,,,,,,,,,,,,
6696,16125,55114,,,,,,,,,,,,,,,,,,,
6491,70880,,,,,,,,,,,,,,,,,,,,
272,920,6032,71555,,,,,,,,,,,,,,,,,,
6623,6886,6895,6897,32511,36010,36258,,,,,,,,,,,,,,,
398,6401,7124,16074,32197,90502,,,,,,,,,,,,,,,,
448,2181,,,,,,,,,,,,,,,,,,,,
9636,34599,46210,55114,71218,71500,1902170,,,,,,,,,,,,,,,
55,56,6606,6913,16973,,,,,,,,,,,,,,,,,
6614,,,,,,,,,,,,,,,,,,,,,
6696,,,,,,,,,,,,,,,,,,,,,
6493,31505,35269,1900101,,,,,,,,,,,,,,,,,,
6887,6893,15031,35544,51601,90522,,,,,,,,,,,,,,,,
6843,15867,55085,,,,,,,,,,,,,,,,,,,
34551,70131,,,,,,,,,,,,,,,,,,,,
398,,,,,,,,,,,,,,,,,,,,,
2100,8655,19858,44206,46087,,,,,,,,,,,,,,,,,
6614,6616,31204,,,,,,,,,,,,,,,,,,,
6486,6621,6817,15031,16036,35435,,,,,,,,,,,,,,,,
105,162,,,,,,,,,,,,,,,,,,,,
7165,8150,71555,,,,,,,,,,,,,,,,,,,
86,6281,6302,6337,6357,6368,7059,31055,33262,43044,,,,,,,,,,,,
6378,32465,43631,,,,,,,,,,,,,,,,,,,
379,90502,,,,,,,,,,,,,,,,,,,,
6486,6487,6490,97502,,,,,,,,,,,,,,,,,,
6357,7124,30435,40020,45944,51321,,,,,,,,,,,,,,,,
10919,32958,46854,,,,,,,,,,,,,,,,,,,
379,90502,,,,,,,,,,,,,,,,,,,,
6357,6366,,,,,,,,,,,,,,,,,,,,
289,6368,17148,32968,43928,90503,,,,,,,,,,,,,,,,
6333,9303,43935,70911,,,,,,,,,,,,,,,,,,
6333,6334,34729,43935,61587,,,,,,,,,,,,,,,,,
122,6301,6333,6334,,,,,,,,,,,,,,,,,,
122,6281,6325,6333,6342,61587,,,,,,,,,,,,,,,,
413,6457,8150,,,,,,,,,,,,,,,,,,,
1172,6366,,,,,,,,,,,,,,,,,,,,
6797,7035,34622,71469,71472,71474,1902600,,,,,,,,,,,,,,,
6367,45944,51091,51123,,,,,,,,,,,,,,,,,,
6542,71470,,,,,,,,,,,,,,,,,,,,
6796,16311,42723,,,,,,,,,,,,,,,,,,,
1731,6417,6450,1990145,,,,,,,,,,,,,,,,,,
10629,,,,,,,,,,,,,,,,,,,,,
6673,30148,,,,,,,,,,,,,,,,,,,,
6530,,,,,,,,,,,,,,,,,,,,,
27,6355,6364,9303,71897,90070,,,,,,,,,,,,,,,,
1402,6508,31505,,,,,,,,,,,,,,,,,,,
467,6397,16075,43628,70478,70481,70651,71028,71035,71038,71039,71042,71051,90502,,,,,,,,
972,6342,6405,6606,6913,7059,16458,16584,31507,34398,36228,51028,51292,,,,,,,,,
6400,6419,70143,106074,,,,,,,,,,,,,,,,,,
1300,16567,30433,,,,,,,,,,,,,,,,,,,
6797,6817,6828,71421,97080,1900062,,,,,,,,,,,,,,,,
6397,48250,,,,,,,,,,,,,,,,,,,,
7064,32508,34085,36297,,,,,,,,,,,,,,,,,,
55,56,6607,6611,16973,31081,50790,61912,97064,1903507,,,,,,,,,,,,
15856,72530,,,,,,,,,,,,,,,,,,,,
6606,10458,51028,,,,,,,,,,,,,,,,,,,
82,2098,43666,,,,,,,,,,,,,,,,,,,
122,1080,6914,8652,10033,10508,10691,36278,45899,45944,60261,1903833,1990139,,,,,,,,,
6400,31119,31120,1990481,,,,,,,,,,,,,,,,,,
447,472,480,31167,,,,,,,,,,,,,,,,,,
184,6364,6369,71042,1990120,,,,,,,,,,,,,,,,,
2098,6400,,,,,,,,,,,,,,,,,,,,
6207,44205,55114,,,,,,,,,,,,,,,,,,,
1172,6360,6366,6383,6386,42254,42797,,,,,,,,,,,,,,,
6364,,,,,,,,,,,,,,,,,,,,,
6360,6386,42254,42797,70893,,,,,,,,,,,,,,,,,
6364,,,,,,,,,,,,,,,,,,,,,
30488,,,,,,,,,,,,,,,,,,,,,
1732,2183,6413,,,,,,,,,,,,,,,,,,,
6014,6098,8615,9052,,,,,,,,,,,,,,,,,,
27,42273,,,,,,,,,,,,,,,,,,,,
463,466,,,,,,,,,,,,,,,,,,,,
1172,6360,6366,6383,6386,42254,42797,,,,,,,,,,,,,,,
6177,6541,,,,,,,,,,,,,,,,,,,,
1933,6414,6415,6469,,,,,,,,,,,,,,,,,,
463,42255,42273,1902626,,,,,,,,,,,,,,,,,,
154,451,6364,31167,,,,,,,,,,,,,,,,,,
454,31120,,,,,,,,,,,,,,,,,,,,
28,6364,,,,,,,,,,,,,,,,,,,,
27,6412,32781,42273,1902626,,,,,,,,,,,,,,,,,
447,6364,16973,,,,,,,,,,,,,,,,,,,
6146,9117,9168,43101,43103,,,,,,,,,,,,,,,,,
6406,18216,19919,32968,46656,60567,,,,,,,,,,,,,,,,
1732,2188,6413,6415,32781,,,,,,,,,,,,,,,,,
447,2181,6407,,,,,,,,,,,,,,,,,,,
462,2181,,,,,,,,,,,,,,,,,,,,
28,462,2181,6412,30490,,,,,,,,,,,,,,,,,
2181,,,,,,,,,,,,,,,,,,,,,
448,2181,,,,,,,,,,,,,,,,,,,,
27,55,2181,16567,19941,42254,,,,,,,,,,,,,,,,
28,2109,2181,16567,19941,42254,,,,,,,,,,,,,,,,
2181,,,,,,,,,,,,,,,,,,,,,
447,461,2181,,,,,,,,,,,,,,,,,,,
28,2181,6407,42274,,,,,,,,,,,,,,,,,,
470,2181,,,,,,,,,,,,,,,,,,,,
448,2181,,,,,,,,,,,,,,,,,,,,
2181,17148,,,,,,,,,,,,,,,,,,,,
2181,17148,,,,,,,,,,,,,,,,,,,,
2181,6407,42255,,,,,,,,,,,,,,,,,,,
27,2181,,,,,,,,,,,,,,,,,,,,
2181,42254,,,,,,,,,,,,,,,,,,,,
462,2181,,,,,,,,,,,,,,,,,,,,
2181,16236,42273,,,,,,,,,,,,,,,,,,,
2181,46677,46898,,,,,,,,,,,,,,,,,,,
2181,42273,,,,,,,,,,,,,,,,,,,,
2181,,,,,,,,,,,,,,,,,,,,,
2181,,,,,,,,,,,,,,,,,,,,,
6407,6412,31167,45903,,,,,,,,,,,,,,,,,,
55,470,2181,,,,,,,,,,,,,,,,,,,
27,2181,6412,,,,,,,,,,,,,,,,,,,
2181,,,,,,,,,,,,,,,,,,,,,
462,2181,,,,,,,,,,,,,,,,,,,,
2181,,,,,,,,,,,,,,,,,,,,,
2181,,,,,,,,,,,,,,,,,,,,,
27,6364,1990145,,,,,,,,,,,,,,,,,,,
28,462,2181,6412,31167,,,,,,,,,,,,,,,,,
6413,10606,17148,,,,,,,,,,,,,,,,,,,
2181,,,,,,,,,,,,,,,,,,,,,
27,2181,,,,,,,,,,,,,,,,,,,,
2181,6414,32147,45860,,,,,,,,,,,,,,,,,,
2181,6414,32147,45860,,,,,,,,,,,,,,,,,,
2181,42273,,,,,,,,,,,,,,,,,,,,
28,462,2181,,,,,,,,,,,,,,,,,,,
2181,6414,32147,45860,,,,,,,,,,,,,,,,,,
463,2181,,,,,,,,,,,,,,,,,,,,
398,6325,6342,6355,6360,6370,6397,7059,8298,10507,32968,34243,90262,2000232,2001208,2001209,,,,,,
6418,6438,106074,,,,,,,,,,,,,,,,,,,
6606,6607,51028,2000220,,,,,,,,,,,,,,,,,,
6596,6597,15940,,,,,,,,,,,,,,,,,,,
6614,,,,,,,,,,,,,,,,,,,,,
6427,32543,,,,,,,,,,,,,,,,,,,,
6432,,,,,,,,,,,,,,,,,,,,,
16126,22900,,,,,,,,,,,,,,,,,,,,
9117,9143,9213,9217,,,,,,,,,,,,,,,,,,
6511,10637,16579,2001020,,,,,,,,,,,,,,,,,,
6886,6897,16192,72583,,,,,,,,,,,,,,,,,,
6811,6879,16226,55085,,,,,,,,,,,,,,,,,,
294,1682,6364,8033,34965,90502,,,,,,,,,,,,,,,,
6913,,,,,,,,,,,,,,,,,,,,,
447,464,472,480,6364,30490,31167,34463,,,,,,,,,,,,,,
6360,42254,42790,,,,,,,,,,,,,,,,,,,
6641,6656,6730,19510,33353,,,,,,,,,,,,,,,,,
413,6325,6457,61077,1901710,,,,,,,,,,,,,,,,,
6457,6999,,,,,,,,,,,,,,,,,,,,
6378,31123,72423,98789,,,,,,,,,,,,,,,,,,
6612,6888,7264,16192,18344,90630,,,,,,,,,,,,,,,,
947,6113,,,,,,,,,,,,,,,,,,,,
6491,6493,97502,,,,,,,,,,,,,,,,,,,
8150,,,,,,,,,,,,,,,,,,,,,
79,321,7089,44772,51301,,,,,,,,,,,,,,,,,
7120,,,,,,,,,,,,,,,,,,,,,
1902475,1903692,,,,,,,,,,,,,,,,,,,,
8150,18342,71555,,,,,,,,,,,,,,,,,,,
8150,71555,,,,,,,,,,,,,,,,,,,,
1174,6367,6368,6369,6378,9302,30846,30847,31124,31564,35335,70940,98789,,,,,,,,,
395,398,,,,,,,,,,,,,,,,,,,,
82,209,751,6006,31146,71406,,,,,,,,,,,,,,,,
398,,,,,,,,,,,,,,,,,,,,,
6612,6623,32509,43162,1904669,,,,,,,,,,,,,,,,,
6486,6487,6490,97502,,,,,,,,,,,,,,,,,,
6270,6273,16233,71897,,,,,,,,,,,,,,,,,,
715,6511,16567,34613,,,,,,,,,,,,,,,,,,
6696,16104,,,,,,,,,,,,,,,,,,,,
34551,70131,,,,,,,,,,,,,,,,,,,,
6887,6893,6904,15031,90522,,,,,,,,,,,,,,,,,
6357,6366,51123,1903508,,,,,,,,,,,,,,,,,,
32446,45116,,,,,,,,,,,,,,,,,,,,
17,23,15768,15771,46323,46352,1902600,,,,,,,,,,,,,,,
9060,16071,,,,,,,,,,,,,,,,,,,,
1302,1403,6468,7165,42149,43254,45859,2000222,,,,,,,,,,,,,,
122,6357,31335,45944,,,,,,,,,,,,,,,,,,
1302,1324,6338,6357,36278,42594,43619,45944,61395,61402,61403,61405,61406,61407,61408,61409,61410,61411,61412,61422,71483,80144
398,30847,31124,31126,34472,42780,71028,71034,71041,,,,,,,,,,,,,
6596,8295,15940,,,,,,,,,,,,,,,,,,,
6366,51123,,,,,,,,,,,,,,,,,,,,
6348,16569,16573,30466,43967,45892,45944,,,,,,,,,,,,,,,
8299,15031,16114,33384,33386,45337,,,,,,,,,,,,,,,,
348,350,389,,,,,,,,,,,,,,,,,,,
413,6457,34605,42026,,,,,,,,,,,,,,,,,,
917,6031,30036,,,,,,,,,,,,,,,,,,,
30466,36086,45944,48255,61399,61419,70417,,,,,,,,,,,,,,,
6356,6359,6468,6974,7535,18105,18107,31167,51726,71470,,,,,,,,,,,,
6470,90029,,,,,,,,,,,,,,,,,,,,
122,433,5975,45944,1900436,,,,,,,,,,,,,,,,,
9082,9097,9099,,,,,,,,,,,,,,,,,,,
9086,32259,,,,,,,,,,,,,,,,,,,,
6075,8360,8361,34413,45807,71555,,,,,,,,,,,,,,,,
6325,6366,16573,43966,45944,51123,,,,,,,,,,,,,,,,
349,34247,,,,,,,,,,,,,,,,,,,,
19988,,,,,,,,,,,,,,,,,,,,,
103,9086,19354,32259,55114,,,,,,,,,,,,,,,,,
8033,34965,90502,,,,,,,,,,,,,,,,,,,
429,1903508,,,,,,,,,,,,,,,,,,,,
82,413,6281,6914,6970,7052,43085,43618,43666,,,,,,,,,,,,,
6470,6883,,,,,,,,,,,,,,,,,,,,
5975,6351,45944,61414,,,,,,,,,,,,,,,,,,
122,45944,,,,,,,,,,,,,,,,,,,,
7004,16233,,,,,,,,,,,,,,,,,,,,
3333,6865,55085,,,,,,,,,,,,,,,,,,,
122,6265,6289,6298,43161,,,,,,,,,,,,,,,,,
1302,6260,6297,6303,6310,7049,51103,51301,71897,,,,,,,,,,,,,
6696,7006,18063,55114,,,,,,,,,,,,,,,,,,
209,6281,6283,43161,45739,,,,,,,,,,,,,,,,,
2,6612,6644,6873,7006,8610,32049,46474,,,,,,,,,,,,,,
34599,44257,90372,,,,,,,,,,,,,,,,,,,
6612,18230,18345,,,,,,,,,,,,,,,,,,,
436,6261,6357,31496,43044,45944,61412,,,,,,,,,,,,,,,
209,6513,16567,30433,71596,71629,72671,90089,120174,1990116,,,,,,,,,,,,
6276,8654,9060,9062,16311,19432,34389,42144,44255,,,,,,,,,,,,,
350,390,,,,,,,,,,,,,,,,,,,,
2098,2926,6357,16573,,,,,,,,,,,,,,,,,,
724,6281,16925,71901,1990683,,,,,,,,,,,,,,,,,
15699,15700,46685,55085,,,,,,,,,,,,,,,,,,
6606,6607,6612,6656,46822,51028,51292,60188,,,,,,,,,,,,,,
6468,7165,9272,9612,10606,18105,30242,32186,34063,35556,60211,60237,,,,,,,,,,
6487,8610,,,,,,,,,,,,,,,,,,,,
132,743,31122,,,,,,,,,,,,,,,,,,,
122,6325,6357,16573,45944,,,,,,,,,,,,,,,,,
70,7076,51301,70058,2000373,,,,,,,,,,,,,,,,,
8150,,,,,,,,,,,,,,,,,,,,,
19236,71432,71586,,,,,,,,,,,,,,,,,,,
6974,10674,31939,34629,45944,61186,,,,,,,,,,,,,,,,
19878,,,,,,,,,,,,,,,,,,,,,
6506,,,,,,,,,,,,,,,,,,,,,
45,422,6501,6995,16236,32258,34727,43085,44804,44805,61912,,,,,,,,,,,
750,7618,,,,,,,,,,,,,,,,,,,,
6090,6094,,,,,,,,,,,,,,,,,,,,
6090,6094,,,,,,,,,,,,,,,,,,,,
42493,1990961,,,,,,,,,,,,,,,,,,,,
83,122,6357,45944,60196,2001043,,,,,,,,,,,,,,,,
6031,31505,1902406,,,,,,,,,,,,,,,,,,,
7120,31106,97271,,,,,,,,,,,,,,,,,,,
282,7124,,,,,,,,,,,,,,,,,,,,
79,5977,45719,,,,,,,,,,,,,,,,,,,
9228,9229,16310,,,,,,,,,,,,,,,,,,,
6325,6366,16573,51123,,,,,,,,,,,,,,,,,,
122,6289,6517,30433,43161,51168,,,,,,,,,,,,,,,,
755,31385,32065,,,,,,,,,,,,,,,,,,,
79,7049,31106,32878,51301,,,,,,,,,,,,,,,,,
96,103,9086,16310,19344,19379,70814,,,,,,,,,,,,,,,
6555,19344,19346,71266,,,,,,,,,,,,,,,,,,
6515,30433,30968,30970,70843,,,,,,,,,,,,,,,,,
122,6325,6355,6368,10847,43486,43631,,,,,,,,,,,,,,,
6378,6388,6396,16310,31124,90202,98789,,,,,,,,,,,,,,,
161,6457,30474,43410,50821,51301,51726,,,,,,,,,,,,,,,
31505,,,,,,,,,,,,,,,,,,,,,
8654,45944,,,,,,,,,,,,,,,,,,,,
122,6355,45944,51123,61408,,,,,,,,,,,,,,,,,
45,6886,6888,6890,16236,32258,32456,34497,34498,35493,35494,43549,48194,48211,61709,90114,1900101,1990261,,,,
288,1172,6366,6367,31990,34402,45948,,,,,,,,,,,,,,,
6825,6878,6879,6979,34599,,,,,,,,,,,,,,,,,
16560,,,,,,,,,,,,,,,,,,,,,
6887,6914,15031,16192,34498,,,,,,,,,,,,,,,,,
147,6897,7015,7121,16197,30476,44396,,,,,,,,,,,,,,,
32543,,,,,,,,,,,,,,,,,,,,,
32543,,,,,,,,,,,,,,,,,,,,,
32543,,,,,,,,,,,,,,,,,,,,,
183,1207,6281,6354,6357,16239,16573,18394,32968,43967,45892,45944,51726,,,,,,,,,
372,6429,32543,106074,,,,,,,,,,,,,,,,,,
7059,15031,31144,71630,1990920,,,,,,,,,,,,,,,,,
32543,,,,,,,,,,,,,,,,,,,,,
6465,6508,8053,34622,34982,42407,65003,,,,,,,,,,,,,,,
6886,6897,6906,42147,48278,,,,,,,,,,,,,,,,,
10273,19430,46688,71585,,,,,,,,,,,,,,,,,,
753,6801,43085,45185,2000769,,,,,,,,,,,,,,,,,
398,,,,,,,,,,,,,,,,,,,,,
83,122,6468,6974,16239,16242,19216,31505,31647,32878,32880,43433,45719,45936,46822,50849,55088,71073,1901987,,,
101,15821,42883,1902475,1903692,,,,,,,,,,,,,,,,,
6122,6646,6656,9268,10636,10954,16540,,,,,,,,,,,,,,,
9102,51180,55085,,,,,,,,,,,,,,,,,,,
31505,32120,,,,,,,,,,,,,,,,,,,,
6075,8360,30476,34413,,,,,,,,,,,,,,,,,,
9067,9086,9088,9090,9097,55114,,,,,,,,,,,,,,,,
32,6487,6493,97502,,,,,,,,,,,,,,,,,,
6537,6560,10133,55114,,,,,,,,,,,,,,,,,,
122,6282,36003,45944,61395,97201,,,,,,,,,,,,,,,,
6511,30433,30474,72665,,,,,,,,,,,,,,,,,,
742,1300,6616,6986,30433,30968,31204,34620,42026,51085,70880,70972,,,,,,,,,,
34975,55114,,,,,,,,,,,,,,,,,,,,
6457,34976,36508,45454,55114,1904382,,,,,,,,,,,,,,,,
492,6457,6458,6626,6970,32204,32212,34605,42026,43248,50821,51604,,,,,,,,,,
6457,6626,8104,43086,,,,,,,,,,,,,,,,,,
16567,30433,30970,1905524,,,,,,,,,,,,,,,,,,
5993,71465,,,,,,,,,,,,,,,,,,,,
6123,1902600,,,,,,,,,,,,,,,,,,,,
6012,15757,46323,98704,1902600,,,,,,,,,,,,,,,,,
9060,,,,,,,,,,,,,,,,,,,,,
183,6348,6357,61587,,,,,,,,,,,,,,,,,,
8645,15750,15755,15761,46323,98704,1902600,,,,,,,,,,,,,,,
6122,6627,9060,,,,,,,,,,,,,,,,,,,
6457,6458,8637,34514,42026,45041,50821,51131,51604,,,,,,,,,,,,,
3333,1902269,1902274,,,,,,,,,,,,,,,,,,,
6325,6355,7031,10468,31936,45944,61410,61425,61429,,,,,,,,,,,,,
5992,16311,34599,34605,44262,70413,71465,71470,,,,,,,,,,,,,,
6508,32258,71470,,,,,,,,,,,,,,,,,,,
10951,30162,46578,,,,,,,,,,,,,,,,,,,
5975,5978,5992,6006,6011,6874,19255,19388,30003,51156,,,,,,,,,,,,
2,34605,42026,43335,50821,,,,,,,,,,,,,,,,,
1319,34975,35617,43335,51085,70370,70414,71470,,,,,,,,,,,,,,
5975,5978,,,,,,,,,,,,,,,,,,,,
1678,6006,6013,6096,46323,46835,51156,,,,,,,,,,,,,,,
6457,10499,42026,43161,50790,,,,,,,,,,,,,,,,,
6598,15940,19483,55114,,,,,,,,,,,,,,,,,,
70726,,,,,,,,,,,,,,,,,,,,,
6090,6096,,,,,,,,,,,,,,,,,,,,
8150,,,,,,,,,,,,,,,,,,,,,
71465,,,,,,,,,,,,,,,,,,,,,
425,6508,7039,9267,30435,,,,,,,,,,,,,,,,,
6537,10133,55114,,,,,,,,,,,,,,,,,,,
31505,,,,,,,,,,,,,,,,,,,,,
6650,36151,46475,,,,,,,,,,,,,,,,,,,
6811,6915,7005,15698,42307,45454,51027,71902,98656,,,,,,,,,,,,,
6116,6120,43065,,,,,,,,,,,,,,,,,,,
6099,6121,45333,,,,,,,,,,,,,,,,,,,
6122,9060,,,,,,,,,,,,,,,,,,,,
6122,42776,,,,,,,,,,,,,,,,,,,,
6099,6104,,,,,,,,,,,,,,,,,,,,
425,6624,6914,9267,16236,16237,32258,51603,,,,,,,,,,,,,,
6749,55114,71555,98869,,,,,,,,,,,,,,,,,,
6508,31505,,,,,,,,,,,,,,,,,,,,
209,6511,34605,,,,,,,,,,,,,,,,,,,
6749,19243,,,,,,,,,,,,,,,,,,,,
6606,10674,31939,45944,51457,61186,,,,,,,,,,,,,,,,
6530,6995,,,,,,,,,,,,,,,,,,,,
34599,45454,50821,55114,98869,,,,,,,,,,,,,,,,,
6457,32212,43392,51131,51972,,,,,,,,,,,,,,,,,
9085,19878,55114,,,,,,,,,,,,,,,,,,,
